load0001,aditya.ramadhana+load0001@bitcoin.co.id,6361001
load0002,aditya.ramadhana+load0002@bitcoin.co.id,6361002
load0003,aditya.ramadhana+load0003@bitcoin.co.id,6361003
load0004,aditya.ramadhana+load0004@bitcoin.co.id,6361004
load0005,aditya.ramadhana+load0005@bitcoin.co.id,6361005
load0006,aditya.ramadhana+load0006@bitcoin.co.id,6361006
load0007,aditya.ramadhana+load0007@bitcoin.co.id,6361007
load0008,aditya.ramadhana+load0008@bitcoin.co.id,6361008
load0009,aditya.ramadhana+load0009@bitcoin.co.id,6361009
load0010,aditya.ramadhana+load0010@bitcoin.co.id,6361010
load0011,aditya.ramadhana+load0011@bitcoin.co.id,6361011
load0012,aditya.ramadhana+load0012@bitcoin.co.id,6361012
load0013,aditya.ramadhana+load0013@bitcoin.co.id,6361013
load0014,aditya.ramadhana+load0014@bitcoin.co.id,6361014
load0015,aditya.ramadhana+load0015@bitcoin.co.id,6361015
load0016,aditya.ramadhana+load0016@bitcoin.co.id,6361016
load0017,aditya.ramadhana+load0017@bitcoin.co.id,6361017
load0018,aditya.ramadhana+load0018@bitcoin.co.id,6361018
load0019,aditya.ramadhana+load0019@bitcoin.co.id,6361019
load0020,aditya.ramadhana+load0020@bitcoin.co.id,6361020
load0021,aditya.ramadhana+load0021@bitcoin.co.id,6361021
load0022,aditya.ramadhana+load0022@bitcoin.co.id,6361022
load0023,aditya.ramadhana+load0023@bitcoin.co.id,6361023
load0024,aditya.ramadhana+load0024@bitcoin.co.id,6361024
load0025,aditya.ramadhana+load0025@bitcoin.co.id,6361025
load0026,aditya.ramadhana+load0026@bitcoin.co.id,6361026
load0027,aditya.ramadhana+load0027@bitcoin.co.id,6361027
load0028,aditya.ramadhana+load0028@bitcoin.co.id,6361028
load0029,aditya.ramadhana+load0029@bitcoin.co.id,6361029
load0030,aditya.ramadhana+load0030@bitcoin.co.id,6361030
load0031,aditya.ramadhana+load0031@bitcoin.co.id,6361031
load0032,aditya.ramadhana+load0032@bitcoin.co.id,6361032
load0033,aditya.ramadhana+load0033@bitcoin.co.id,6361033
load0034,aditya.ramadhana+load0034@bitcoin.co.id,6361034
load0035,aditya.ramadhana+load0035@bitcoin.co.id,6361035
load0036,aditya.ramadhana+load0036@bitcoin.co.id,6361036
load0037,aditya.ramadhana+load0037@bitcoin.co.id,6361037
load0038,aditya.ramadhana+load0038@bitcoin.co.id,6361038
load0039,aditya.ramadhana+load0039@bitcoin.co.id,6361039
load0040,aditya.ramadhana+load0040@bitcoin.co.id,6361040
load0041,aditya.ramadhana+load0041@bitcoin.co.id,6361041
load0042,aditya.ramadhana+load0042@bitcoin.co.id,6361042
load0043,aditya.ramadhana+load0043@bitcoin.co.id,6361043
load0044,aditya.ramadhana+load0044@bitcoin.co.id,6361044
load0045,aditya.ramadhana+load0045@bitcoin.co.id,6361045
load0046,aditya.ramadhana+load0046@bitcoin.co.id,6361046
load0047,aditya.ramadhana+load0047@bitcoin.co.id,6361047
load0048,aditya.ramadhana+load0048@bitcoin.co.id,6361048
load0049,aditya.ramadhana+load0049@bitcoin.co.id,6361049
load0050,aditya.ramadhana+load0050@bitcoin.co.id,6361050
load0051,aditya.ramadhana+load0051@bitcoin.co.id,6361051
load0052,aditya.ramadhana+load0052@bitcoin.co.id,6361052
load0053,aditya.ramadhana+load0053@bitcoin.co.id,6361053
load0054,aditya.ramadhana+load0054@bitcoin.co.id,6361054
load0055,aditya.ramadhana+load0055@bitcoin.co.id,6361055
load0056,aditya.ramadhana+load0056@bitcoin.co.id,6361056
load0057,aditya.ramadhana+load0057@bitcoin.co.id,6361057
load0058,aditya.ramadhana+load0058@bitcoin.co.id,6361058
load0059,aditya.ramadhana+load0059@bitcoin.co.id,6361059
load0060,aditya.ramadhana+load0060@bitcoin.co.id,6361060
load0061,aditya.ramadhana+load0061@bitcoin.co.id,6361061
load0062,aditya.ramadhana+load0062@bitcoin.co.id,6361062
load0063,aditya.ramadhana+load0063@bitcoin.co.id,6361063
load0064,aditya.ramadhana+load0064@bitcoin.co.id,6361064
load0065,aditya.ramadhana+load0065@bitcoin.co.id,6361065
load0066,aditya.ramadhana+load0066@bitcoin.co.id,6361066
load0067,aditya.ramadhana+load0067@bitcoin.co.id,6361067
load0068,aditya.ramadhana+load0068@bitcoin.co.id,6361068
load0069,aditya.ramadhana+load0069@bitcoin.co.id,6361069
load0070,aditya.ramadhana+load0070@bitcoin.co.id,6361070
load0071,aditya.ramadhana+load0071@bitcoin.co.id,6361071
load0072,aditya.ramadhana+load0072@bitcoin.co.id,6361072
load0073,aditya.ramadhana+load0073@bitcoin.co.id,6361073
load0074,aditya.ramadhana+load0074@bitcoin.co.id,6361074
load0075,aditya.ramadhana+load0075@bitcoin.co.id,6361075
load0076,aditya.ramadhana+load0076@bitcoin.co.id,6361076
load0077,aditya.ramadhana+load0077@bitcoin.co.id,6361077
load0078,aditya.ramadhana+load0078@bitcoin.co.id,6361078
load0079,aditya.ramadhana+load0079@bitcoin.co.id,6361079
load0080,aditya.ramadhana+load0080@bitcoin.co.id,6361080
load0081,aditya.ramadhana+load0081@bitcoin.co.id,6361081
load0082,aditya.ramadhana+load0082@bitcoin.co.id,6361082
load0083,aditya.ramadhana+load0083@bitcoin.co.id,6361083
load0084,aditya.ramadhana+load0084@bitcoin.co.id,6361084
load0085,aditya.ramadhana+load0085@bitcoin.co.id,6361085
load0086,aditya.ramadhana+load0086@bitcoin.co.id,6361086
load0087,aditya.ramadhana+load0087@bitcoin.co.id,6361087
load0088,aditya.ramadhana+load0088@bitcoin.co.id,6361088
load0089,aditya.ramadhana+load0089@bitcoin.co.id,6361089
load0090,aditya.ramadhana+load0090@bitcoin.co.id,6361090
load0091,aditya.ramadhana+load0091@bitcoin.co.id,6361091
load0092,aditya.ramadhana+load0092@bitcoin.co.id,6361092
load0093,aditya.ramadhana+load0093@bitcoin.co.id,6361093
load0094,aditya.ramadhana+load0094@bitcoin.co.id,6361094
load0095,aditya.ramadhana+load0095@bitcoin.co.id,6361095
load0096,aditya.ramadhana+load0096@bitcoin.co.id,6361096
load0097,aditya.ramadhana+load0097@bitcoin.co.id,6361097
load0098,aditya.ramadhana+load0098@bitcoin.co.id,6361098
load0099,aditya.ramadhana+load0099@bitcoin.co.id,6361099
load0100,aditya.ramadhana+load0100@bitcoin.co.id,6361100
load0101,aditya.ramadhana+load0101@bitcoin.co.id,6361101
load0102,aditya.ramadhana+load0102@bitcoin.co.id,6361102
load0103,aditya.ramadhana+load0103@bitcoin.co.id,6361103
load0104,aditya.ramadhana+load0104@bitcoin.co.id,6361104
load0105,aditya.ramadhana+load0105@bitcoin.co.id,6361105
load0106,aditya.ramadhana+load0106@bitcoin.co.id,6361106
load0107,aditya.ramadhana+load0107@bitcoin.co.id,6361107
load0108,aditya.ramadhana+load0108@bitcoin.co.id,6361108
load0109,aditya.ramadhana+load0109@bitcoin.co.id,6361109
load0110,aditya.ramadhana+load0110@bitcoin.co.id,6361110
load0111,aditya.ramadhana+load0111@bitcoin.co.id,6361111
load0112,aditya.ramadhana+load0112@bitcoin.co.id,6361112
load0113,aditya.ramadhana+load0113@bitcoin.co.id,6361113
load0114,aditya.ramadhana+load0114@bitcoin.co.id,6361114
load0115,aditya.ramadhana+load0115@bitcoin.co.id,6361115
load0116,aditya.ramadhana+load0116@bitcoin.co.id,6361116
load0117,aditya.ramadhana+load0117@bitcoin.co.id,6361117
load0118,aditya.ramadhana+load0118@bitcoin.co.id,6361118
load0119,aditya.ramadhana+load0119@bitcoin.co.id,6361119
load0120,aditya.ramadhana+load0120@bitcoin.co.id,6361120
load0121,aditya.ramadhana+load0121@bitcoin.co.id,6361121
load0122,aditya.ramadhana+load0122@bitcoin.co.id,6361122
load0123,aditya.ramadhana+load0123@bitcoin.co.id,6361123
load0124,aditya.ramadhana+load0124@bitcoin.co.id,6361124
load0125,aditya.ramadhana+load0125@bitcoin.co.id,6361125
load0126,aditya.ramadhana+load0126@bitcoin.co.id,6361126
load0127,aditya.ramadhana+load0127@bitcoin.co.id,6361127
load0128,aditya.ramadhana+load0128@bitcoin.co.id,6361128
load0129,aditya.ramadhana+load0129@bitcoin.co.id,6361129
load0130,aditya.ramadhana+load0130@bitcoin.co.id,6361130
load0131,aditya.ramadhana+load0131@bitcoin.co.id,6361131
load0132,aditya.ramadhana+load0132@bitcoin.co.id,6361132
load0133,aditya.ramadhana+load0133@bitcoin.co.id,6361133
load0134,aditya.ramadhana+load0134@bitcoin.co.id,6361134
load0135,aditya.ramadhana+load0135@bitcoin.co.id,6361135
load0136,aditya.ramadhana+load0136@bitcoin.co.id,6361136
load0137,aditya.ramadhana+load0137@bitcoin.co.id,6361137
load0138,aditya.ramadhana+load0138@bitcoin.co.id,6361138
load0139,aditya.ramadhana+load0139@bitcoin.co.id,6361139
load0140,aditya.ramadhana+load0140@bitcoin.co.id,6361140
load0141,aditya.ramadhana+load0141@bitcoin.co.id,6361141
load0142,aditya.ramadhana+load0142@bitcoin.co.id,6361142
load0143,aditya.ramadhana+load0143@bitcoin.co.id,6361143
load0144,aditya.ramadhana+load0144@bitcoin.co.id,6361144
load0145,aditya.ramadhana+load0145@bitcoin.co.id,6361145
load0146,aditya.ramadhana+load0146@bitcoin.co.id,6361146
load0147,aditya.ramadhana+load0147@bitcoin.co.id,6361147
load0148,aditya.ramadhana+load0148@bitcoin.co.id,6361148
load0149,aditya.ramadhana+load0149@bitcoin.co.id,6361149
load0150,aditya.ramadhana+load0150@bitcoin.co.id,6361150
load0151,aditya.ramadhana+load0151@bitcoin.co.id,6361151
load0152,aditya.ramadhana+load0152@bitcoin.co.id,6361152
load0153,aditya.ramadhana+load0153@bitcoin.co.id,6361153
load0154,aditya.ramadhana+load0154@bitcoin.co.id,6361154
load0155,aditya.ramadhana+load0155@bitcoin.co.id,6361155
load0156,aditya.ramadhana+load0156@bitcoin.co.id,6361156
load0157,aditya.ramadhana+load0157@bitcoin.co.id,6361157
load0158,aditya.ramadhana+load0158@bitcoin.co.id,6361158
load0159,aditya.ramadhana+load0159@bitcoin.co.id,6361159
load0160,aditya.ramadhana+load0160@bitcoin.co.id,6361160
load0161,aditya.ramadhana+load0161@bitcoin.co.id,6361161
load0162,aditya.ramadhana+load0162@bitcoin.co.id,6361162
load0163,aditya.ramadhana+load0163@bitcoin.co.id,6361163
load0164,aditya.ramadhana+load0164@bitcoin.co.id,6361164
load0165,aditya.ramadhana+load0165@bitcoin.co.id,6361165
load0166,aditya.ramadhana+load0166@bitcoin.co.id,6361166
load0167,aditya.ramadhana+load0167@bitcoin.co.id,6361167
load0168,aditya.ramadhana+load0168@bitcoin.co.id,6361168
load0169,aditya.ramadhana+load0169@bitcoin.co.id,6361169
load0170,aditya.ramadhana+load0170@bitcoin.co.id,6361170
load0171,aditya.ramadhana+load0171@bitcoin.co.id,6361171
load0172,aditya.ramadhana+load0172@bitcoin.co.id,6361172
load0173,aditya.ramadhana+load0173@bitcoin.co.id,6361173
load0174,aditya.ramadhana+load0174@bitcoin.co.id,6361174
load0175,aditya.ramadhana+load0175@bitcoin.co.id,6361175
load0176,aditya.ramadhana+load0176@bitcoin.co.id,6361176
load0177,aditya.ramadhana+load0177@bitcoin.co.id,6361177
load0178,aditya.ramadhana+load0178@bitcoin.co.id,6361178
load0179,aditya.ramadhana+load0179@bitcoin.co.id,6361179
load0180,aditya.ramadhana+load0180@bitcoin.co.id,6361180
load0181,aditya.ramadhana+load0181@bitcoin.co.id,6361181
load0182,aditya.ramadhana+load0182@bitcoin.co.id,6361182
load0183,aditya.ramadhana+load0183@bitcoin.co.id,6361183
load0184,aditya.ramadhana+load0184@bitcoin.co.id,6361184
load0185,aditya.ramadhana+load0185@bitcoin.co.id,6361185
load0186,aditya.ramadhana+load0186@bitcoin.co.id,6361186
load0187,aditya.ramadhana+load0187@bitcoin.co.id,6361187
load0188,aditya.ramadhana+load0188@bitcoin.co.id,6361188
load0189,aditya.ramadhana+load0189@bitcoin.co.id,6361189
load0190,aditya.ramadhana+load0190@bitcoin.co.id,6361190
load0191,aditya.ramadhana+load0191@bitcoin.co.id,6361191
load0192,aditya.ramadhana+load0192@bitcoin.co.id,6361192
load0193,aditya.ramadhana+load0193@bitcoin.co.id,6361193
load0194,aditya.ramadhana+load0194@bitcoin.co.id,6361194
load0195,aditya.ramadhana+load0195@bitcoin.co.id,6361195
load0196,aditya.ramadhana+load0196@bitcoin.co.id,6361196
load0197,aditya.ramadhana+load0197@bitcoin.co.id,6361197
load0198,aditya.ramadhana+load0198@bitcoin.co.id,6361198
load0199,aditya.ramadhana+load0199@bitcoin.co.id,6361199
load0200,aditya.ramadhana+load0200@bitcoin.co.id,6361200
load0201,aditya.ramadhana+load0201@bitcoin.co.id,6361201
load0202,aditya.ramadhana+load0202@bitcoin.co.id,6361202
load0203,aditya.ramadhana+load0203@bitcoin.co.id,6361203
load0204,aditya.ramadhana+load0204@bitcoin.co.id,6361204
load0205,aditya.ramadhana+load0205@bitcoin.co.id,6361205
load0206,aditya.ramadhana+load0206@bitcoin.co.id,6361206
load0207,aditya.ramadhana+load0207@bitcoin.co.id,6361207
load0208,aditya.ramadhana+load0208@bitcoin.co.id,6361208
load0209,aditya.ramadhana+load0209@bitcoin.co.id,6361209
load0210,aditya.ramadhana+load0210@bitcoin.co.id,6361210
load0211,aditya.ramadhana+load0211@bitcoin.co.id,6361211
load0212,aditya.ramadhana+load0212@bitcoin.co.id,6361212
load0213,aditya.ramadhana+load0213@bitcoin.co.id,6361213
load0214,aditya.ramadhana+load0214@bitcoin.co.id,6361214
load0215,aditya.ramadhana+load0215@bitcoin.co.id,6361215
load0216,aditya.ramadhana+load0216@bitcoin.co.id,6361216
load0217,aditya.ramadhana+load0217@bitcoin.co.id,6361217
load0218,aditya.ramadhana+load0218@bitcoin.co.id,6361218
load0219,aditya.ramadhana+load0219@bitcoin.co.id,6361219
load0220,aditya.ramadhana+load0220@bitcoin.co.id,6361220
load0221,aditya.ramadhana+load0221@bitcoin.co.id,6361221
load0222,aditya.ramadhana+load0222@bitcoin.co.id,6361222
load0223,aditya.ramadhana+load0223@bitcoin.co.id,6361223
load0224,aditya.ramadhana+load0224@bitcoin.co.id,6361224
load0225,aditya.ramadhana+load0225@bitcoin.co.id,6361225
load0226,aditya.ramadhana+load0226@bitcoin.co.id,6361226
load0227,aditya.ramadhana+load0227@bitcoin.co.id,6361227
load0228,aditya.ramadhana+load0228@bitcoin.co.id,6361228
load0229,aditya.ramadhana+load0229@bitcoin.co.id,6361229
load0230,aditya.ramadhana+load0230@bitcoin.co.id,6361230
load0231,aditya.ramadhana+load0231@bitcoin.co.id,6361231
load0232,aditya.ramadhana+load0232@bitcoin.co.id,6361232
load0233,aditya.ramadhana+load0233@bitcoin.co.id,6361233
load0234,aditya.ramadhana+load0234@bitcoin.co.id,6361234
load0235,aditya.ramadhana+load0235@bitcoin.co.id,6361235
load0236,aditya.ramadhana+load0236@bitcoin.co.id,6361236
load0237,aditya.ramadhana+load0237@bitcoin.co.id,6361237
load0238,aditya.ramadhana+load0238@bitcoin.co.id,6361238
load0239,aditya.ramadhana+load0239@bitcoin.co.id,6361239
load0240,aditya.ramadhana+load0240@bitcoin.co.id,6361240
load0241,aditya.ramadhana+load0241@bitcoin.co.id,6361241
load0242,aditya.ramadhana+load0242@bitcoin.co.id,6361242
load0243,aditya.ramadhana+load0243@bitcoin.co.id,6361243
load0244,aditya.ramadhana+load0244@bitcoin.co.id,6361244
load0245,aditya.ramadhana+load0245@bitcoin.co.id,6361245
load0246,aditya.ramadhana+load0246@bitcoin.co.id,6361246
load0247,aditya.ramadhana+load0247@bitcoin.co.id,6361247
load0248,aditya.ramadhana+load0248@bitcoin.co.id,6361248
load0249,aditya.ramadhana+load0249@bitcoin.co.id,6361249
load0250,aditya.ramadhana+load0250@bitcoin.co.id,6361250
load0251,aditya.ramadhana+load0251@bitcoin.co.id,6361251
load0252,aditya.ramadhana+load0252@bitcoin.co.id,6361252
load0253,aditya.ramadhana+load0253@bitcoin.co.id,6361253
load0254,aditya.ramadhana+load0254@bitcoin.co.id,6361254
load0255,aditya.ramadhana+load0255@bitcoin.co.id,6361255
load0256,aditya.ramadhana+load0256@bitcoin.co.id,6361256
load0257,aditya.ramadhana+load0257@bitcoin.co.id,6361257
load0258,aditya.ramadhana+load0258@bitcoin.co.id,6361258
load0259,aditya.ramadhana+load0259@bitcoin.co.id,6361259
load0260,aditya.ramadhana+load0260@bitcoin.co.id,6361260
load0261,aditya.ramadhana+load0261@bitcoin.co.id,6361261
load0262,aditya.ramadhana+load0262@bitcoin.co.id,6361262
load0263,aditya.ramadhana+load0263@bitcoin.co.id,6361263
load0264,aditya.ramadhana+load0264@bitcoin.co.id,6361264
load0265,aditya.ramadhana+load0265@bitcoin.co.id,6361265
load0266,aditya.ramadhana+load0266@bitcoin.co.id,6361266
load0267,aditya.ramadhana+load0267@bitcoin.co.id,6361267
load0268,aditya.ramadhana+load0268@bitcoin.co.id,6361268
load0269,aditya.ramadhana+load0269@bitcoin.co.id,6361269
load0270,aditya.ramadhana+load0270@bitcoin.co.id,6361270
load0271,aditya.ramadhana+load0271@bitcoin.co.id,6361271
load0272,aditya.ramadhana+load0272@bitcoin.co.id,6361272
load0273,aditya.ramadhana+load0273@bitcoin.co.id,6361273
load0274,aditya.ramadhana+load0274@bitcoin.co.id,6361274
load0275,aditya.ramadhana+load0275@bitcoin.co.id,6361275
load0276,aditya.ramadhana+load0276@bitcoin.co.id,6361276
load0277,aditya.ramadhana+load0277@bitcoin.co.id,6361277
load0278,aditya.ramadhana+load0278@bitcoin.co.id,6361278
load0279,aditya.ramadhana+load0279@bitcoin.co.id,6361279
load0280,aditya.ramadhana+load0280@bitcoin.co.id,6361280
load0281,aditya.ramadhana+load0281@bitcoin.co.id,6361281
load0282,aditya.ramadhana+load0282@bitcoin.co.id,6361282
load0283,aditya.ramadhana+load0283@bitcoin.co.id,6361283
load0284,aditya.ramadhana+load0284@bitcoin.co.id,6361284
load0285,aditya.ramadhana+load0285@bitcoin.co.id,6361285
load0286,aditya.ramadhana+load0286@bitcoin.co.id,6361286
load0287,aditya.ramadhana+load0287@bitcoin.co.id,6361287
load0288,aditya.ramadhana+load0288@bitcoin.co.id,6361288
load0289,aditya.ramadhana+load0289@bitcoin.co.id,6361289
load0290,aditya.ramadhana+load0290@bitcoin.co.id,6361290
load0291,aditya.ramadhana+load0291@bitcoin.co.id,6361291
load0292,aditya.ramadhana+load0292@bitcoin.co.id,6361292
load0293,aditya.ramadhana+load0293@bitcoin.co.id,6361293
load0294,aditya.ramadhana+load0294@bitcoin.co.id,6361294
load0295,aditya.ramadhana+load0295@bitcoin.co.id,6361295
load0296,aditya.ramadhana+load0296@bitcoin.co.id,6361296
load0297,aditya.ramadhana+load0297@bitcoin.co.id,6361297
load0298,aditya.ramadhana+load0298@bitcoin.co.id,6361298
load0299,aditya.ramadhana+load0299@bitcoin.co.id,6361299
load0300,aditya.ramadhana+load0300@bitcoin.co.id,6361300
load0301,aditya.ramadhana+load0301@bitcoin.co.id,6361301
load0302,aditya.ramadhana+load0302@bitcoin.co.id,6361302
load0303,aditya.ramadhana+load0303@bitcoin.co.id,6361303
load0304,aditya.ramadhana+load0304@bitcoin.co.id,6361304
load0305,aditya.ramadhana+load0305@bitcoin.co.id,6361305
load0306,aditya.ramadhana+load0306@bitcoin.co.id,6361306
load0307,aditya.ramadhana+load0307@bitcoin.co.id,6361307
load0308,aditya.ramadhana+load0308@bitcoin.co.id,6361308
load0309,aditya.ramadhana+load0309@bitcoin.co.id,6361309
load0310,aditya.ramadhana+load0310@bitcoin.co.id,6361310
load0311,aditya.ramadhana+load0311@bitcoin.co.id,6361311
load0312,aditya.ramadhana+load0312@bitcoin.co.id,6361312
load0313,aditya.ramadhana+load0313@bitcoin.co.id,6361313
load0314,aditya.ramadhana+load0314@bitcoin.co.id,6361314
load0315,aditya.ramadhana+load0315@bitcoin.co.id,6361315
load0316,aditya.ramadhana+load0316@bitcoin.co.id,6361316
load0317,aditya.ramadhana+load0317@bitcoin.co.id,6361317
load0318,aditya.ramadhana+load0318@bitcoin.co.id,6361318
load0319,aditya.ramadhana+load0319@bitcoin.co.id,6361319
load0320,aditya.ramadhana+load0320@bitcoin.co.id,6361320
load0321,aditya.ramadhana+load0321@bitcoin.co.id,6361321
load0322,aditya.ramadhana+load0322@bitcoin.co.id,6361322
load0323,aditya.ramadhana+load0323@bitcoin.co.id,6361323
load0324,aditya.ramadhana+load0324@bitcoin.co.id,6361324
load0325,aditya.ramadhana+load0325@bitcoin.co.id,6361325
load0326,aditya.ramadhana+load0326@bitcoin.co.id,6361326
load0327,aditya.ramadhana+load0327@bitcoin.co.id,6361327
load0328,aditya.ramadhana+load0328@bitcoin.co.id,6361328
load0329,aditya.ramadhana+load0329@bitcoin.co.id,6361329
load0330,aditya.ramadhana+load0330@bitcoin.co.id,6361330
load0331,aditya.ramadhana+load0331@bitcoin.co.id,6361331
load0332,aditya.ramadhana+load0332@bitcoin.co.id,6361332
load0333,aditya.ramadhana+load0333@bitcoin.co.id,6361333
load0334,aditya.ramadhana+load0334@bitcoin.co.id,6361334
load0335,aditya.ramadhana+load0335@bitcoin.co.id,6361335
load0336,aditya.ramadhana+load0336@bitcoin.co.id,6361336
load0337,aditya.ramadhana+load0337@bitcoin.co.id,6361337
load0338,aditya.ramadhana+load0338@bitcoin.co.id,6361338
load0339,aditya.ramadhana+load0339@bitcoin.co.id,6361339
load0340,aditya.ramadhana+load0340@bitcoin.co.id,6361340
load0341,aditya.ramadhana+load0341@bitcoin.co.id,6361341
load0342,aditya.ramadhana+load0342@bitcoin.co.id,6361342
load0343,aditya.ramadhana+load0343@bitcoin.co.id,6361343
load0344,aditya.ramadhana+load0344@bitcoin.co.id,6361344
load0345,aditya.ramadhana+load0345@bitcoin.co.id,6361345
load0346,aditya.ramadhana+load0346@bitcoin.co.id,6361346
load0347,aditya.ramadhana+load0347@bitcoin.co.id,6361347
load0348,aditya.ramadhana+load0348@bitcoin.co.id,6361348
load0349,aditya.ramadhana+load0349@bitcoin.co.id,6361349
load0350,aditya.ramadhana+load0350@bitcoin.co.id,6361350
load0351,aditya.ramadhana+load0351@bitcoin.co.id,6361351
load0352,aditya.ramadhana+load0352@bitcoin.co.id,6361352
load0353,aditya.ramadhana+load0353@bitcoin.co.id,6361353
load0354,aditya.ramadhana+load0354@bitcoin.co.id,6361354
load0355,aditya.ramadhana+load0355@bitcoin.co.id,6361355
load0356,aditya.ramadhana+load0356@bitcoin.co.id,6361356
load0357,aditya.ramadhana+load0357@bitcoin.co.id,6361357
load0358,aditya.ramadhana+load0358@bitcoin.co.id,6361358
load0359,aditya.ramadhana+load0359@bitcoin.co.id,6361359
load0360,aditya.ramadhana+load0360@bitcoin.co.id,6361360
load0361,aditya.ramadhana+load0361@bitcoin.co.id,6361361
load0362,aditya.ramadhana+load0362@bitcoin.co.id,6361362
load0363,aditya.ramadhana+load0363@bitcoin.co.id,6361363
load0364,aditya.ramadhana+load0364@bitcoin.co.id,6361364
load0365,aditya.ramadhana+load0365@bitcoin.co.id,6361365
load0366,aditya.ramadhana+load0366@bitcoin.co.id,6361366
load0367,aditya.ramadhana+load0367@bitcoin.co.id,6361367
load0368,aditya.ramadhana+load0368@bitcoin.co.id,6361368
load0369,aditya.ramadhana+load0369@bitcoin.co.id,6361369
load0370,aditya.ramadhana+load0370@bitcoin.co.id,6361370
load0371,aditya.ramadhana+load0371@bitcoin.co.id,6361371
load0372,aditya.ramadhana+load0372@bitcoin.co.id,6361372
load0373,aditya.ramadhana+load0373@bitcoin.co.id,6361373
load0374,aditya.ramadhana+load0374@bitcoin.co.id,6361374
load0375,aditya.ramadhana+load0375@bitcoin.co.id,6361375
load0376,aditya.ramadhana+load0376@bitcoin.co.id,6361376
load0377,aditya.ramadhana+load0377@bitcoin.co.id,6361377
load0378,aditya.ramadhana+load0378@bitcoin.co.id,6361378
load0379,aditya.ramadhana+load0379@bitcoin.co.id,6361379
load0380,aditya.ramadhana+load0380@bitcoin.co.id,6361380
load0381,aditya.ramadhana+load0381@bitcoin.co.id,6361381
load0382,aditya.ramadhana+load0382@bitcoin.co.id,6361382
load0383,aditya.ramadhana+load0383@bitcoin.co.id,6361383
load0384,aditya.ramadhana+load0384@bitcoin.co.id,6361384
load0385,aditya.ramadhana+load0385@bitcoin.co.id,6361385
load0386,aditya.ramadhana+load0386@bitcoin.co.id,6361386
load0387,aditya.ramadhana+load0387@bitcoin.co.id,6361387
load0388,aditya.ramadhana+load0388@bitcoin.co.id,6361388
load0389,aditya.ramadhana+load0389@bitcoin.co.id,6361389
load0390,aditya.ramadhana+load0390@bitcoin.co.id,6361390
load0391,aditya.ramadhana+load0391@bitcoin.co.id,6361391
load0392,aditya.ramadhana+load0392@bitcoin.co.id,6361392
load0393,aditya.ramadhana+load0393@bitcoin.co.id,6361393
load0394,aditya.ramadhana+load0394@bitcoin.co.id,6361394
load0395,aditya.ramadhana+load0395@bitcoin.co.id,6361395
load0396,aditya.ramadhana+load0396@bitcoin.co.id,6361396
load0397,aditya.ramadhana+load0397@bitcoin.co.id,6361397
load0398,aditya.ramadhana+load0398@bitcoin.co.id,6361398
load0399,aditya.ramadhana+load0399@bitcoin.co.id,6361399
load0400,aditya.ramadhana+load0400@bitcoin.co.id,6361400
load0401,aditya.ramadhana+load0401@bitcoin.co.id,6361401
load0402,aditya.ramadhana+load0402@bitcoin.co.id,6361402
load0403,aditya.ramadhana+load0403@bitcoin.co.id,6361403
load0404,aditya.ramadhana+load0404@bitcoin.co.id,6361404
load0405,aditya.ramadhana+load0405@bitcoin.co.id,6361405
load0406,aditya.ramadhana+load0406@bitcoin.co.id,6361406
load0407,aditya.ramadhana+load0407@bitcoin.co.id,6361407
load0408,aditya.ramadhana+load0408@bitcoin.co.id,6361408
load0409,aditya.ramadhana+load0409@bitcoin.co.id,6361409
load0410,aditya.ramadhana+load0410@bitcoin.co.id,6361410
load0411,aditya.ramadhana+load0411@bitcoin.co.id,6361411
load0412,aditya.ramadhana+load0412@bitcoin.co.id,6361412
load0413,aditya.ramadhana+load0413@bitcoin.co.id,6361413
load0414,aditya.ramadhana+load0414@bitcoin.co.id,6361414
load0415,aditya.ramadhana+load0415@bitcoin.co.id,6361415
load0416,aditya.ramadhana+load0416@bitcoin.co.id,6361416
load0417,aditya.ramadhana+load0417@bitcoin.co.id,6361417
load0418,aditya.ramadhana+load0418@bitcoin.co.id,6361418
load0419,aditya.ramadhana+load0419@bitcoin.co.id,6361419
load0420,aditya.ramadhana+load0420@bitcoin.co.id,6361420
load0421,aditya.ramadhana+load0421@bitcoin.co.id,6361421
load0422,aditya.ramadhana+load0422@bitcoin.co.id,6361422
load0423,aditya.ramadhana+load0423@bitcoin.co.id,6361423
load0424,aditya.ramadhana+load0424@bitcoin.co.id,6361424
load0425,aditya.ramadhana+load0425@bitcoin.co.id,6361425
load0426,aditya.ramadhana+load0426@bitcoin.co.id,6361426
load0427,aditya.ramadhana+load0427@bitcoin.co.id,6361427
load0428,aditya.ramadhana+load0428@bitcoin.co.id,6361428
load0429,aditya.ramadhana+load0429@bitcoin.co.id,6361429
load0430,aditya.ramadhana+load0430@bitcoin.co.id,6361430
load0431,aditya.ramadhana+load0431@bitcoin.co.id,6361431
load0432,aditya.ramadhana+load0432@bitcoin.co.id,6361432
load0433,aditya.ramadhana+load0433@bitcoin.co.id,6361433
load0434,aditya.ramadhana+load0434@bitcoin.co.id,6361434
load0435,aditya.ramadhana+load0435@bitcoin.co.id,6361435
load0436,aditya.ramadhana+load0436@bitcoin.co.id,6361436
load0437,aditya.ramadhana+load0437@bitcoin.co.id,6361437
load0438,aditya.ramadhana+load0438@bitcoin.co.id,6361438
load0439,aditya.ramadhana+load0439@bitcoin.co.id,6361439
load0440,aditya.ramadhana+load0440@bitcoin.co.id,6361440
load0441,aditya.ramadhana+load0441@bitcoin.co.id,6361441
load0442,aditya.ramadhana+load0442@bitcoin.co.id,6361442
load0443,aditya.ramadhana+load0443@bitcoin.co.id,6361443
load0444,aditya.ramadhana+load0444@bitcoin.co.id,6361444
load0445,aditya.ramadhana+load0445@bitcoin.co.id,6361445
load0446,aditya.ramadhana+load0446@bitcoin.co.id,6361446
load0447,aditya.ramadhana+load0447@bitcoin.co.id,6361447
load0448,aditya.ramadhana+load0448@bitcoin.co.id,6361448
load0449,aditya.ramadhana+load0449@bitcoin.co.id,6361449
load0450,aditya.ramadhana+load0450@bitcoin.co.id,6361450
load0451,aditya.ramadhana+load0451@bitcoin.co.id,6361451
load0452,aditya.ramadhana+load0452@bitcoin.co.id,6361452
load0453,aditya.ramadhana+load0453@bitcoin.co.id,6361453
load0454,aditya.ramadhana+load0454@bitcoin.co.id,6361454
load0455,aditya.ramadhana+load0455@bitcoin.co.id,6361455
load0456,aditya.ramadhana+load0456@bitcoin.co.id,6361456
load0457,aditya.ramadhana+load0457@bitcoin.co.id,6361457
load0458,aditya.ramadhana+load0458@bitcoin.co.id,6361458
load0459,aditya.ramadhana+load0459@bitcoin.co.id,6361459
load0460,aditya.ramadhana+load0460@bitcoin.co.id,6361460
load0461,aditya.ramadhana+load0461@bitcoin.co.id,6361461
load0462,aditya.ramadhana+load0462@bitcoin.co.id,6361462
load0463,aditya.ramadhana+load0463@bitcoin.co.id,6361463
load0464,aditya.ramadhana+load0464@bitcoin.co.id,6361464
load0465,aditya.ramadhana+load0465@bitcoin.co.id,6361465
load0466,aditya.ramadhana+load0466@bitcoin.co.id,6361466
load0467,aditya.ramadhana+load0467@bitcoin.co.id,6361467
load0468,aditya.ramadhana+load0468@bitcoin.co.id,6361468
load0469,aditya.ramadhana+load0469@bitcoin.co.id,6361469
load0470,aditya.ramadhana+load0470@bitcoin.co.id,6361470
load0471,aditya.ramadhana+load0471@bitcoin.co.id,6361471
load0472,aditya.ramadhana+load0472@bitcoin.co.id,6361472
load0473,aditya.ramadhana+load0473@bitcoin.co.id,6361473
load0474,aditya.ramadhana+load0474@bitcoin.co.id,6361474
load0475,aditya.ramadhana+load0475@bitcoin.co.id,6361475
load0476,aditya.ramadhana+load0476@bitcoin.co.id,6361476
load0477,aditya.ramadhana+load0477@bitcoin.co.id,6361477
load0478,aditya.ramadhana+load0478@bitcoin.co.id,6361478
load0479,aditya.ramadhana+load0479@bitcoin.co.id,6361479
load0480,aditya.ramadhana+load0480@bitcoin.co.id,6361480
load0481,aditya.ramadhana+load0481@bitcoin.co.id,6361481
load0482,aditya.ramadhana+load0482@bitcoin.co.id,6361482
load0483,aditya.ramadhana+load0483@bitcoin.co.id,6361483
load0484,aditya.ramadhana+load0484@bitcoin.co.id,6361484
load0485,aditya.ramadhana+load0485@bitcoin.co.id,6361485
load0486,aditya.ramadhana+load0486@bitcoin.co.id,6361486
load0487,aditya.ramadhana+load0487@bitcoin.co.id,6361487
load0488,aditya.ramadhana+load0488@bitcoin.co.id,6361488
load0489,aditya.ramadhana+load0489@bitcoin.co.id,6361489
load0490,aditya.ramadhana+load0490@bitcoin.co.id,6361490
load0491,aditya.ramadhana+load0491@bitcoin.co.id,6361491
load0492,aditya.ramadhana+load0492@bitcoin.co.id,6361492
load0493,aditya.ramadhana+load0493@bitcoin.co.id,6361493
load0494,aditya.ramadhana+load0494@bitcoin.co.id,6361494
load0495,aditya.ramadhana+load0495@bitcoin.co.id,6361495
load0496,aditya.ramadhana+load0496@bitcoin.co.id,6361496
load0497,aditya.ramadhana+load0497@bitcoin.co.id,6361497
load0498,aditya.ramadhana+load0498@bitcoin.co.id,6361498
load0499,aditya.ramadhana+load0499@bitcoin.co.id,6361499
load0500,aditya.ramadhana+load0500@bitcoin.co.id,6361500
load0501,aditya.ramadhana+load0501@bitcoin.co.id,6361501
load0502,aditya.ramadhana+load0502@bitcoin.co.id,6361502
load0503,aditya.ramadhana+load0503@bitcoin.co.id,6361503
load0504,aditya.ramadhana+load0504@bitcoin.co.id,6361504
load0505,aditya.ramadhana+load0505@bitcoin.co.id,6361505
load0506,aditya.ramadhana+load0506@bitcoin.co.id,6361506
load0507,aditya.ramadhana+load0507@bitcoin.co.id,6361507
load0508,aditya.ramadhana+load0508@bitcoin.co.id,6361508
load0509,aditya.ramadhana+load0509@bitcoin.co.id,6361509
load0510,aditya.ramadhana+load0510@bitcoin.co.id,6361510
load0511,aditya.ramadhana+load0511@bitcoin.co.id,6361511
load0512,aditya.ramadhana+load0512@bitcoin.co.id,6361512
load0513,aditya.ramadhana+load0513@bitcoin.co.id,6361513
load0514,aditya.ramadhana+load0514@bitcoin.co.id,6361514
load0515,aditya.ramadhana+load0515@bitcoin.co.id,6361515
load0516,aditya.ramadhana+load0516@bitcoin.co.id,6361516
load0517,aditya.ramadhana+load0517@bitcoin.co.id,6361517
load0518,aditya.ramadhana+load0518@bitcoin.co.id,6361518
load0519,aditya.ramadhana+load0519@bitcoin.co.id,6361519
load0520,aditya.ramadhana+load0520@bitcoin.co.id,6361520
load0521,aditya.ramadhana+load0521@bitcoin.co.id,6361521
load0522,aditya.ramadhana+load0522@bitcoin.co.id,6361522
load0523,aditya.ramadhana+load0523@bitcoin.co.id,6361523
load0524,aditya.ramadhana+load0524@bitcoin.co.id,6361524
load0525,aditya.ramadhana+load0525@bitcoin.co.id,6361525
load0526,aditya.ramadhana+load0526@bitcoin.co.id,6361526
load0527,aditya.ramadhana+load0527@bitcoin.co.id,6361527
load0528,aditya.ramadhana+load0528@bitcoin.co.id,6361528
load0529,aditya.ramadhana+load0529@bitcoin.co.id,6361529
load0530,aditya.ramadhana+load0530@bitcoin.co.id,6361530
load0531,aditya.ramadhana+load0531@bitcoin.co.id,6361531
load0532,aditya.ramadhana+load0532@bitcoin.co.id,6361532
load0533,aditya.ramadhana+load0533@bitcoin.co.id,6361533
load0534,aditya.ramadhana+load0534@bitcoin.co.id,6361534
load0535,aditya.ramadhana+load0535@bitcoin.co.id,6361535
load0536,aditya.ramadhana+load0536@bitcoin.co.id,6361536
load0537,aditya.ramadhana+load0537@bitcoin.co.id,6361537
load0538,aditya.ramadhana+load0538@bitcoin.co.id,6361538
load0539,aditya.ramadhana+load0539@bitcoin.co.id,6361539
load0540,aditya.ramadhana+load0540@bitcoin.co.id,6361540
load0541,aditya.ramadhana+load0541@bitcoin.co.id,6361541
load0542,aditya.ramadhana+load0542@bitcoin.co.id,6361542
load0543,aditya.ramadhana+load0543@bitcoin.co.id,6361543
load0544,aditya.ramadhana+load0544@bitcoin.co.id,6361544
load0545,aditya.ramadhana+load0545@bitcoin.co.id,6361545
load0546,aditya.ramadhana+load0546@bitcoin.co.id,6361546
load0547,aditya.ramadhana+load0547@bitcoin.co.id,6361547
load0548,aditya.ramadhana+load0548@bitcoin.co.id,6361548
load0549,aditya.ramadhana+load0549@bitcoin.co.id,6361549
load0550,aditya.ramadhana+load0550@bitcoin.co.id,6361550
load0551,aditya.ramadhana+load0551@bitcoin.co.id,6361551
load0552,aditya.ramadhana+load0552@bitcoin.co.id,6361552
load0553,aditya.ramadhana+load0553@bitcoin.co.id,6361553
load0554,aditya.ramadhana+load0554@bitcoin.co.id,6361554
load0555,aditya.ramadhana+load0555@bitcoin.co.id,6361555
load0556,aditya.ramadhana+load0556@bitcoin.co.id,6361556
load0557,aditya.ramadhana+load0557@bitcoin.co.id,6361557
load0558,aditya.ramadhana+load0558@bitcoin.co.id,6361558
load0559,aditya.ramadhana+load0559@bitcoin.co.id,6361559
load0560,aditya.ramadhana+load0560@bitcoin.co.id,6361560
load0561,aditya.ramadhana+load0561@bitcoin.co.id,6361561
load0562,aditya.ramadhana+load0562@bitcoin.co.id,6361562
load0563,aditya.ramadhana+load0563@bitcoin.co.id,6361563
load0564,aditya.ramadhana+load0564@bitcoin.co.id,6361564
load0565,aditya.ramadhana+load0565@bitcoin.co.id,6361565
load0566,aditya.ramadhana+load0566@bitcoin.co.id,6361566
load0567,aditya.ramadhana+load0567@bitcoin.co.id,6361567
load0568,aditya.ramadhana+load0568@bitcoin.co.id,6361568
load0569,aditya.ramadhana+load0569@bitcoin.co.id,6361569
load0570,aditya.ramadhana+load0570@bitcoin.co.id,6361570
load0571,aditya.ramadhana+load0571@bitcoin.co.id,6361571
load0572,aditya.ramadhana+load0572@bitcoin.co.id,6361572
load0573,aditya.ramadhana+load0573@bitcoin.co.id,6361573
load0574,aditya.ramadhana+load0574@bitcoin.co.id,6361574
load0575,aditya.ramadhana+load0575@bitcoin.co.id,6361575
load0576,aditya.ramadhana+load0576@bitcoin.co.id,6361576
load0577,aditya.ramadhana+load0577@bitcoin.co.id,6361577
load0578,aditya.ramadhana+load0578@bitcoin.co.id,6361578
load0579,aditya.ramadhana+load0579@bitcoin.co.id,6361579
load0580,aditya.ramadhana+load0580@bitcoin.co.id,6361580
load0581,aditya.ramadhana+load0581@bitcoin.co.id,6361581
load0582,aditya.ramadhana+load0582@bitcoin.co.id,6361582
load0583,aditya.ramadhana+load0583@bitcoin.co.id,6361583
load0584,aditya.ramadhana+load0584@bitcoin.co.id,6361584
load0585,aditya.ramadhana+load0585@bitcoin.co.id,6361585
load0586,aditya.ramadhana+load0586@bitcoin.co.id,6361586
load0587,aditya.ramadhana+load0587@bitcoin.co.id,6361587
load0588,aditya.ramadhana+load0588@bitcoin.co.id,6361588
load0589,aditya.ramadhana+load0589@bitcoin.co.id,6361589
load0590,aditya.ramadhana+load0590@bitcoin.co.id,6361590
load0591,aditya.ramadhana+load0591@bitcoin.co.id,6361591
load0592,aditya.ramadhana+load0592@bitcoin.co.id,6361592
load0593,aditya.ramadhana+load0593@bitcoin.co.id,6361593
load0594,aditya.ramadhana+load0594@bitcoin.co.id,6361594
load0595,aditya.ramadhana+load0595@bitcoin.co.id,6361595
load0596,aditya.ramadhana+load0596@bitcoin.co.id,6361596
load0597,aditya.ramadhana+load0597@bitcoin.co.id,6361597
load0598,aditya.ramadhana+load0598@bitcoin.co.id,6361598
load0599,aditya.ramadhana+load0599@bitcoin.co.id,6361599
load0600,aditya.ramadhana+load0600@bitcoin.co.id,6361600
load0601,aditya.ramadhana+load0601@bitcoin.co.id,6361601
load0602,aditya.ramadhana+load0602@bitcoin.co.id,6361602
load0603,aditya.ramadhana+load0603@bitcoin.co.id,6361603
load0604,aditya.ramadhana+load0604@bitcoin.co.id,6361604
load0605,aditya.ramadhana+load0605@bitcoin.co.id,6361605
load0606,aditya.ramadhana+load0606@bitcoin.co.id,6361606
load0607,aditya.ramadhana+load0607@bitcoin.co.id,6361607
load0608,aditya.ramadhana+load0608@bitcoin.co.id,6361608
load0609,aditya.ramadhana+load0609@bitcoin.co.id,6361609
load0610,aditya.ramadhana+load0610@bitcoin.co.id,6361610
load0611,aditya.ramadhana+load0611@bitcoin.co.id,6361611
load0612,aditya.ramadhana+load0612@bitcoin.co.id,6361612
load0613,aditya.ramadhana+load0613@bitcoin.co.id,6361613
load0614,aditya.ramadhana+load0614@bitcoin.co.id,6361614
load0615,aditya.ramadhana+load0615@bitcoin.co.id,6361615
load0616,aditya.ramadhana+load0616@bitcoin.co.id,6361616
load0617,aditya.ramadhana+load0617@bitcoin.co.id,6361617
load0618,aditya.ramadhana+load0618@bitcoin.co.id,6361618
load0619,aditya.ramadhana+load0619@bitcoin.co.id,6361619
load0620,aditya.ramadhana+load0620@bitcoin.co.id,6361620
load0621,aditya.ramadhana+load0621@bitcoin.co.id,6361621
load0622,aditya.ramadhana+load0622@bitcoin.co.id,6361622
load0623,aditya.ramadhana+load0623@bitcoin.co.id,6361623
load0624,aditya.ramadhana+load0624@bitcoin.co.id,6361624
load0625,aditya.ramadhana+load0625@bitcoin.co.id,6361625
load0626,aditya.ramadhana+load0626@bitcoin.co.id,6361626
load0627,aditya.ramadhana+load0627@bitcoin.co.id,6361627
load0628,aditya.ramadhana+load0628@bitcoin.co.id,6361628
load0629,aditya.ramadhana+load0629@bitcoin.co.id,6361629
load0630,aditya.ramadhana+load0630@bitcoin.co.id,6361630
load0631,aditya.ramadhana+load0631@bitcoin.co.id,6361631
load0632,aditya.ramadhana+load0632@bitcoin.co.id,6361632
load0633,aditya.ramadhana+load0633@bitcoin.co.id,6361633
load0634,aditya.ramadhana+load0634@bitcoin.co.id,6361634
load0635,aditya.ramadhana+load0635@bitcoin.co.id,6361635
load0636,aditya.ramadhana+load0636@bitcoin.co.id,6361636
load0637,aditya.ramadhana+load0637@bitcoin.co.id,6361637
load0638,aditya.ramadhana+load0638@bitcoin.co.id,6361638
load0639,aditya.ramadhana+load0639@bitcoin.co.id,6361639
load0640,aditya.ramadhana+load0640@bitcoin.co.id,6361640
load0641,aditya.ramadhana+load0641@bitcoin.co.id,6361641
load0642,aditya.ramadhana+load0642@bitcoin.co.id,6361642
load0643,aditya.ramadhana+load0643@bitcoin.co.id,6361643
load0644,aditya.ramadhana+load0644@bitcoin.co.id,6361644
load0645,aditya.ramadhana+load0645@bitcoin.co.id,6361645
load0646,aditya.ramadhana+load0646@bitcoin.co.id,6361646
load0647,aditya.ramadhana+load0647@bitcoin.co.id,6361647
load0648,aditya.ramadhana+load0648@bitcoin.co.id,6361648
load0649,aditya.ramadhana+load0649@bitcoin.co.id,6361649
load0650,aditya.ramadhana+load0650@bitcoin.co.id,6361650
load0651,aditya.ramadhana+load0651@bitcoin.co.id,6361651
load0652,aditya.ramadhana+load0652@bitcoin.co.id,6361652
load0653,aditya.ramadhana+load0653@bitcoin.co.id,6361653
load0654,aditya.ramadhana+load0654@bitcoin.co.id,6361654
load0655,aditya.ramadhana+load0655@bitcoin.co.id,6361655
load0656,aditya.ramadhana+load0656@bitcoin.co.id,6361656
load0657,aditya.ramadhana+load0657@bitcoin.co.id,6361657
load0658,aditya.ramadhana+load0658@bitcoin.co.id,6361658
load0659,aditya.ramadhana+load0659@bitcoin.co.id,6361659
load0660,aditya.ramadhana+load0660@bitcoin.co.id,6361660
load0661,aditya.ramadhana+load0661@bitcoin.co.id,6361661
load0662,aditya.ramadhana+load0662@bitcoin.co.id,6361662
load0663,aditya.ramadhana+load0663@bitcoin.co.id,6361663
load0664,aditya.ramadhana+load0664@bitcoin.co.id,6361664
load0665,aditya.ramadhana+load0665@bitcoin.co.id,6361665
load0666,aditya.ramadhana+load0666@bitcoin.co.id,6361666
load0667,aditya.ramadhana+load0667@bitcoin.co.id,6361667
load0668,aditya.ramadhana+load0668@bitcoin.co.id,6361668
load0669,aditya.ramadhana+load0669@bitcoin.co.id,6361669
load0670,aditya.ramadhana+load0670@bitcoin.co.id,6361670
load0671,aditya.ramadhana+load0671@bitcoin.co.id,6361671
load0672,aditya.ramadhana+load0672@bitcoin.co.id,6361672
load0673,aditya.ramadhana+load0673@bitcoin.co.id,6361673
load0674,aditya.ramadhana+load0674@bitcoin.co.id,6361674
load0675,aditya.ramadhana+load0675@bitcoin.co.id,6361675
load0676,aditya.ramadhana+load0676@bitcoin.co.id,6361676
load0677,aditya.ramadhana+load0677@bitcoin.co.id,6361677
load0678,aditya.ramadhana+load0678@bitcoin.co.id,6361678
load0679,aditya.ramadhana+load0679@bitcoin.co.id,6361679
load0680,aditya.ramadhana+load0680@bitcoin.co.id,6361680
load0681,aditya.ramadhana+load0681@bitcoin.co.id,6361681
load0682,aditya.ramadhana+load0682@bitcoin.co.id,6361682
load0683,aditya.ramadhana+load0683@bitcoin.co.id,6361683
load0684,aditya.ramadhana+load0684@bitcoin.co.id,6361684
load0685,aditya.ramadhana+load0685@bitcoin.co.id,6361685
load0686,aditya.ramadhana+load0686@bitcoin.co.id,6361686
load0687,aditya.ramadhana+load0687@bitcoin.co.id,6361687
load0688,aditya.ramadhana+load0688@bitcoin.co.id,6361688
load0689,aditya.ramadhana+load0689@bitcoin.co.id,6361689
load0690,aditya.ramadhana+load0690@bitcoin.co.id,6361690
load0691,aditya.ramadhana+load0691@bitcoin.co.id,6361691
load0692,aditya.ramadhana+load0692@bitcoin.co.id,6361692
load0693,aditya.ramadhana+load0693@bitcoin.co.id,6361693
load0694,aditya.ramadhana+load0694@bitcoin.co.id,6361694
load0695,aditya.ramadhana+load0695@bitcoin.co.id,6361695
load0696,aditya.ramadhana+load0696@bitcoin.co.id,6361696
load0697,aditya.ramadhana+load0697@bitcoin.co.id,6361697
load0698,aditya.ramadhana+load0698@bitcoin.co.id,6361698
load0699,aditya.ramadhana+load0699@bitcoin.co.id,6361699
load0700,aditya.ramadhana+load0700@bitcoin.co.id,6361700
load0701,aditya.ramadhana+load0701@bitcoin.co.id,6361701
load0702,aditya.ramadhana+load0702@bitcoin.co.id,6361702
load0703,aditya.ramadhana+load0703@bitcoin.co.id,6361703
load0704,aditya.ramadhana+load0704@bitcoin.co.id,6361704
load0705,aditya.ramadhana+load0705@bitcoin.co.id,6361705
load0706,aditya.ramadhana+load0706@bitcoin.co.id,6361706
load0707,aditya.ramadhana+load0707@bitcoin.co.id,6361707
load0708,aditya.ramadhana+load0708@bitcoin.co.id,6361708
load0709,aditya.ramadhana+load0709@bitcoin.co.id,6361709
load0710,aditya.ramadhana+load0710@bitcoin.co.id,6361710
load0711,aditya.ramadhana+load0711@bitcoin.co.id,6361711
load0712,aditya.ramadhana+load0712@bitcoin.co.id,6361712
load0713,aditya.ramadhana+load0713@bitcoin.co.id,6361713
load0714,aditya.ramadhana+load0714@bitcoin.co.id,6361714
load0715,aditya.ramadhana+load0715@bitcoin.co.id,6361715
load0716,aditya.ramadhana+load0716@bitcoin.co.id,6361716
load0717,aditya.ramadhana+load0717@bitcoin.co.id,6361717
load0718,aditya.ramadhana+load0718@bitcoin.co.id,6361718
load0719,aditya.ramadhana+load0719@bitcoin.co.id,6361719
load0720,aditya.ramadhana+load0720@bitcoin.co.id,6361720
load0721,aditya.ramadhana+load0721@bitcoin.co.id,6361721
load0722,aditya.ramadhana+load0722@bitcoin.co.id,6361722
load0723,aditya.ramadhana+load0723@bitcoin.co.id,6361723
load0724,aditya.ramadhana+load0724@bitcoin.co.id,6361724
load0725,aditya.ramadhana+load0725@bitcoin.co.id,6361725
load0726,aditya.ramadhana+load0726@bitcoin.co.id,6361726
load0727,aditya.ramadhana+load0727@bitcoin.co.id,6361727
load0728,aditya.ramadhana+load0728@bitcoin.co.id,6361728
load0729,aditya.ramadhana+load0729@bitcoin.co.id,6361729
load0730,aditya.ramadhana+load0730@bitcoin.co.id,6361730
load0731,aditya.ramadhana+load0731@bitcoin.co.id,6361731
load0732,aditya.ramadhana+load0732@bitcoin.co.id,6361732
load0733,aditya.ramadhana+load0733@bitcoin.co.id,6361733
load0734,aditya.ramadhana+load0734@bitcoin.co.id,6361734
load0735,aditya.ramadhana+load0735@bitcoin.co.id,6361735
load0736,aditya.ramadhana+load0736@bitcoin.co.id,6361736
load0737,aditya.ramadhana+load0737@bitcoin.co.id,6361737
load0738,aditya.ramadhana+load0738@bitcoin.co.id,6361738
load0739,aditya.ramadhana+load0739@bitcoin.co.id,6361739
load0740,aditya.ramadhana+load0740@bitcoin.co.id,6361740
load0741,aditya.ramadhana+load0741@bitcoin.co.id,6361741
load0742,aditya.ramadhana+load0742@bitcoin.co.id,6361742
load0743,aditya.ramadhana+load0743@bitcoin.co.id,6361743
load0744,aditya.ramadhana+load0744@bitcoin.co.id,6361744
load0745,aditya.ramadhana+load0745@bitcoin.co.id,6361745
load0746,aditya.ramadhana+load0746@bitcoin.co.id,6361746
load0747,aditya.ramadhana+load0747@bitcoin.co.id,6361747
load0748,aditya.ramadhana+load0748@bitcoin.co.id,6361748
load0749,aditya.ramadhana+load0749@bitcoin.co.id,6361749
load0750,aditya.ramadhana+load0750@bitcoin.co.id,6361750
load0751,aditya.ramadhana+load0751@bitcoin.co.id,6361751
load0752,aditya.ramadhana+load0752@bitcoin.co.id,6361752
load0753,aditya.ramadhana+load0753@bitcoin.co.id,6361753
load0754,aditya.ramadhana+load0754@bitcoin.co.id,6361754
load0755,aditya.ramadhana+load0755@bitcoin.co.id,6361755
load0756,aditya.ramadhana+load0756@bitcoin.co.id,6361756
load0757,aditya.ramadhana+load0757@bitcoin.co.id,6361757
load0758,aditya.ramadhana+load0758@bitcoin.co.id,6361758
load0759,aditya.ramadhana+load0759@bitcoin.co.id,6361759
load0760,aditya.ramadhana+load0760@bitcoin.co.id,6361760
load0761,aditya.ramadhana+load0761@bitcoin.co.id,6361761
load0762,aditya.ramadhana+load0762@bitcoin.co.id,6361762
load0763,aditya.ramadhana+load0763@bitcoin.co.id,6361763
load0764,aditya.ramadhana+load0764@bitcoin.co.id,6361764
load0765,aditya.ramadhana+load0765@bitcoin.co.id,6361765
load0766,aditya.ramadhana+load0766@bitcoin.co.id,6361766
load0767,aditya.ramadhana+load0767@bitcoin.co.id,6361767
load0768,aditya.ramadhana+load0768@bitcoin.co.id,6361768
load0769,aditya.ramadhana+load0769@bitcoin.co.id,6361769
load0770,aditya.ramadhana+load0770@bitcoin.co.id,6361770
load0771,aditya.ramadhana+load0771@bitcoin.co.id,6361771
load0772,aditya.ramadhana+load0772@bitcoin.co.id,6361772
load0773,aditya.ramadhana+load0773@bitcoin.co.id,6361773
load0774,aditya.ramadhana+load0774@bitcoin.co.id,6361774
load0775,aditya.ramadhana+load0775@bitcoin.co.id,6361775
load0776,aditya.ramadhana+load0776@bitcoin.co.id,6361776
load0777,aditya.ramadhana+load0777@bitcoin.co.id,6361777
load0778,aditya.ramadhana+load0778@bitcoin.co.id,6361778
load0779,aditya.ramadhana+load0779@bitcoin.co.id,6361779
load0780,aditya.ramadhana+load0780@bitcoin.co.id,6361780
load0781,aditya.ramadhana+load0781@bitcoin.co.id,6361781
load0782,aditya.ramadhana+load0782@bitcoin.co.id,6361782
load0783,aditya.ramadhana+load0783@bitcoin.co.id,6361783
load0784,aditya.ramadhana+load0784@bitcoin.co.id,6361784
load0785,aditya.ramadhana+load0785@bitcoin.co.id,6361785
load0786,aditya.ramadhana+load0786@bitcoin.co.id,6361786
load0787,aditya.ramadhana+load0787@bitcoin.co.id,6361787
load0788,aditya.ramadhana+load0788@bitcoin.co.id,6361788
load0789,aditya.ramadhana+load0789@bitcoin.co.id,6361789
load0790,aditya.ramadhana+load0790@bitcoin.co.id,6361790
load0791,aditya.ramadhana+load0791@bitcoin.co.id,6361791
load0792,aditya.ramadhana+load0792@bitcoin.co.id,6361792
load0793,aditya.ramadhana+load0793@bitcoin.co.id,6361793
load0794,aditya.ramadhana+load0794@bitcoin.co.id,6361794
load0795,aditya.ramadhana+load0795@bitcoin.co.id,6361795
load0796,aditya.ramadhana+load0796@bitcoin.co.id,6361796
load0797,aditya.ramadhana+load0797@bitcoin.co.id,6361797
load0798,aditya.ramadhana+load0798@bitcoin.co.id,6361798
load0799,aditya.ramadhana+load0799@bitcoin.co.id,6361799
load0800,aditya.ramadhana+load0800@bitcoin.co.id,6361800
load0801,aditya.ramadhana+load0801@bitcoin.co.id,6361801
load0802,aditya.ramadhana+load0802@bitcoin.co.id,6361802
load0803,aditya.ramadhana+load0803@bitcoin.co.id,6361803
load0804,aditya.ramadhana+load0804@bitcoin.co.id,6361804
load0805,aditya.ramadhana+load0805@bitcoin.co.id,6361805
load0806,aditya.ramadhana+load0806@bitcoin.co.id,6361806
load0807,aditya.ramadhana+load0807@bitcoin.co.id,6361807
load0808,aditya.ramadhana+load0808@bitcoin.co.id,6361808
load0809,aditya.ramadhana+load0809@bitcoin.co.id,6361809
load0810,aditya.ramadhana+load0810@bitcoin.co.id,6361810
load0811,aditya.ramadhana+load0811@bitcoin.co.id,6361811
load0812,aditya.ramadhana+load0812@bitcoin.co.id,6361812
load0813,aditya.ramadhana+load0813@bitcoin.co.id,6361813
load0814,aditya.ramadhana+load0814@bitcoin.co.id,6361814
load0815,aditya.ramadhana+load0815@bitcoin.co.id,6361815
load0816,aditya.ramadhana+load0816@bitcoin.co.id,6361816
load0817,aditya.ramadhana+load0817@bitcoin.co.id,6361817
load0818,aditya.ramadhana+load0818@bitcoin.co.id,6361818
load0819,aditya.ramadhana+load0819@bitcoin.co.id,6361819
load0820,aditya.ramadhana+load0820@bitcoin.co.id,6361820
load0821,aditya.ramadhana+load0821@bitcoin.co.id,6361821
load0822,aditya.ramadhana+load0822@bitcoin.co.id,6361822
load0823,aditya.ramadhana+load0823@bitcoin.co.id,6361823
load0824,aditya.ramadhana+load0824@bitcoin.co.id,6361824
load0825,aditya.ramadhana+load0825@bitcoin.co.id,6361825
load0826,aditya.ramadhana+load0826@bitcoin.co.id,6361826
load0827,aditya.ramadhana+load0827@bitcoin.co.id,6361827
load0828,aditya.ramadhana+load0828@bitcoin.co.id,6361828
load0829,aditya.ramadhana+load0829@bitcoin.co.id,6361829
load0830,aditya.ramadhana+load0830@bitcoin.co.id,6361830
load0831,aditya.ramadhana+load0831@bitcoin.co.id,6361831
load0832,aditya.ramadhana+load0832@bitcoin.co.id,6361832
load0833,aditya.ramadhana+load0833@bitcoin.co.id,6361833
load0834,aditya.ramadhana+load0834@bitcoin.co.id,6361834
load0835,aditya.ramadhana+load0835@bitcoin.co.id,6361835
load0836,aditya.ramadhana+load0836@bitcoin.co.id,6361836
load0837,aditya.ramadhana+load0837@bitcoin.co.id,6361837
load0838,aditya.ramadhana+load0838@bitcoin.co.id,6361838
load0839,aditya.ramadhana+load0839@bitcoin.co.id,6361839
load0840,aditya.ramadhana+load0840@bitcoin.co.id,6361840
load0841,aditya.ramadhana+load0841@bitcoin.co.id,6361841
load0842,aditya.ramadhana+load0842@bitcoin.co.id,6361842
load0843,aditya.ramadhana+load0843@bitcoin.co.id,6361843
load0844,aditya.ramadhana+load0844@bitcoin.co.id,6361844
load0845,aditya.ramadhana+load0845@bitcoin.co.id,6361845
load0846,aditya.ramadhana+load0846@bitcoin.co.id,6361846
load0847,aditya.ramadhana+load0847@bitcoin.co.id,6361847
load0848,aditya.ramadhana+load0848@bitcoin.co.id,6361848
load0849,aditya.ramadhana+load0849@bitcoin.co.id,6361849
load0850,aditya.ramadhana+load0850@bitcoin.co.id,6361850
load0851,aditya.ramadhana+load0851@bitcoin.co.id,6361851
load0852,aditya.ramadhana+load0852@bitcoin.co.id,6361852
load0853,aditya.ramadhana+load0853@bitcoin.co.id,6361853
load0854,aditya.ramadhana+load0854@bitcoin.co.id,6361854
load0855,aditya.ramadhana+load0855@bitcoin.co.id,6361855
load0856,aditya.ramadhana+load0856@bitcoin.co.id,6361856
load0857,aditya.ramadhana+load0857@bitcoin.co.id,6361857
load0858,aditya.ramadhana+load0858@bitcoin.co.id,6361858
load0859,aditya.ramadhana+load0859@bitcoin.co.id,6361859
load0860,aditya.ramadhana+load0860@bitcoin.co.id,6361860
load0861,aditya.ramadhana+load0861@bitcoin.co.id,6361861
load0862,aditya.ramadhana+load0862@bitcoin.co.id,6361862
load0863,aditya.ramadhana+load0863@bitcoin.co.id,6361863
load0864,aditya.ramadhana+load0864@bitcoin.co.id,6361864
load0865,aditya.ramadhana+load0865@bitcoin.co.id,6361865
load0866,aditya.ramadhana+load0866@bitcoin.co.id,6361866
load0867,aditya.ramadhana+load0867@bitcoin.co.id,6361867
load0868,aditya.ramadhana+load0868@bitcoin.co.id,6361868
load0869,aditya.ramadhana+load0869@bitcoin.co.id,6361869
load0870,aditya.ramadhana+load0870@bitcoin.co.id,6361870
load0871,aditya.ramadhana+load0871@bitcoin.co.id,6361871
load0872,aditya.ramadhana+load0872@bitcoin.co.id,6361872
load0873,aditya.ramadhana+load0873@bitcoin.co.id,6361873
load0874,aditya.ramadhana+load0874@bitcoin.co.id,6361874
load0875,aditya.ramadhana+load0875@bitcoin.co.id,6361875
load0876,aditya.ramadhana+load0876@bitcoin.co.id,6361876
load0877,aditya.ramadhana+load0877@bitcoin.co.id,6361877
load0878,aditya.ramadhana+load0878@bitcoin.co.id,6361878
load0879,aditya.ramadhana+load0879@bitcoin.co.id,6361879
load0880,aditya.ramadhana+load0880@bitcoin.co.id,6361880
load0881,aditya.ramadhana+load0881@bitcoin.co.id,6361881
load0882,aditya.ramadhana+load0882@bitcoin.co.id,6361882
load0883,aditya.ramadhana+load0883@bitcoin.co.id,6361883
load0884,aditya.ramadhana+load0884@bitcoin.co.id,6361884
load0885,aditya.ramadhana+load0885@bitcoin.co.id,6361885
load0886,aditya.ramadhana+load0886@bitcoin.co.id,6361886
load0887,aditya.ramadhana+load0887@bitcoin.co.id,6361887
load0888,aditya.ramadhana+load0888@bitcoin.co.id,6361888
load0889,aditya.ramadhana+load0889@bitcoin.co.id,6361889
load0890,aditya.ramadhana+load0890@bitcoin.co.id,6361890
load0891,aditya.ramadhana+load0891@bitcoin.co.id,6361891
load0892,aditya.ramadhana+load0892@bitcoin.co.id,6361892
load0893,aditya.ramadhana+load0893@bitcoin.co.id,6361893
load0894,aditya.ramadhana+load0894@bitcoin.co.id,6361894
load0895,aditya.ramadhana+load0895@bitcoin.co.id,6361895
load0896,aditya.ramadhana+load0896@bitcoin.co.id,6361896
load0897,aditya.ramadhana+load0897@bitcoin.co.id,6361897
load0898,aditya.ramadhana+load0898@bitcoin.co.id,6361898
load0899,aditya.ramadhana+load0899@bitcoin.co.id,6361899
load0900,aditya.ramadhana+load0900@bitcoin.co.id,6361900
load0901,aditya.ramadhana+load0901@bitcoin.co.id,6361901
load0902,aditya.ramadhana+load0902@bitcoin.co.id,6361902
load0903,aditya.ramadhana+load0903@bitcoin.co.id,6361903
load0904,aditya.ramadhana+load0904@bitcoin.co.id,6361904
load0905,aditya.ramadhana+load0905@bitcoin.co.id,6361905
load0906,aditya.ramadhana+load0906@bitcoin.co.id,6361906
load0907,aditya.ramadhana+load0907@bitcoin.co.id,6361907
load0908,aditya.ramadhana+load0908@bitcoin.co.id,6361908
load0909,aditya.ramadhana+load0909@bitcoin.co.id,6361909
load0910,aditya.ramadhana+load0910@bitcoin.co.id,6361910
load0911,aditya.ramadhana+load0911@bitcoin.co.id,6361911
load0912,aditya.ramadhana+load0912@bitcoin.co.id,6361912
load0913,aditya.ramadhana+load0913@bitcoin.co.id,6361913
load0914,aditya.ramadhana+load0914@bitcoin.co.id,6361914
load0915,aditya.ramadhana+load0915@bitcoin.co.id,6361915
load0916,aditya.ramadhana+load0916@bitcoin.co.id,6361916
load0917,aditya.ramadhana+load0917@bitcoin.co.id,6361917
load0918,aditya.ramadhana+load0918@bitcoin.co.id,6361918
load0919,aditya.ramadhana+load0919@bitcoin.co.id,6361919
load0920,aditya.ramadhana+load0920@bitcoin.co.id,6361920
load0921,aditya.ramadhana+load0921@bitcoin.co.id,6361921
load0922,aditya.ramadhana+load0922@bitcoin.co.id,6361922
load0923,aditya.ramadhana+load0923@bitcoin.co.id,6361923
load0924,aditya.ramadhana+load0924@bitcoin.co.id,6361924
load0925,aditya.ramadhana+load0925@bitcoin.co.id,6361925
load0926,aditya.ramadhana+load0926@bitcoin.co.id,6361926
load0927,aditya.ramadhana+load0927@bitcoin.co.id,6361927
load0928,aditya.ramadhana+load0928@bitcoin.co.id,6361928
load0929,aditya.ramadhana+load0929@bitcoin.co.id,6361929
load0930,aditya.ramadhana+load0930@bitcoin.co.id,6361930
load0931,aditya.ramadhana+load0931@bitcoin.co.id,6361931
load0932,aditya.ramadhana+load0932@bitcoin.co.id,6361932
load0933,aditya.ramadhana+load0933@bitcoin.co.id,6361933
load0934,aditya.ramadhana+load0934@bitcoin.co.id,6361934
load0935,aditya.ramadhana+load0935@bitcoin.co.id,6361935
load0936,aditya.ramadhana+load0936@bitcoin.co.id,6361936
load0937,aditya.ramadhana+load0937@bitcoin.co.id,6361937
load0938,aditya.ramadhana+load0938@bitcoin.co.id,6361938
load0939,aditya.ramadhana+load0939@bitcoin.co.id,6361939
load0940,aditya.ramadhana+load0940@bitcoin.co.id,6361940
load0941,aditya.ramadhana+load0941@bitcoin.co.id,6361941
load0942,aditya.ramadhana+load0942@bitcoin.co.id,6361942
load0943,aditya.ramadhana+load0943@bitcoin.co.id,6361943
load0944,aditya.ramadhana+load0944@bitcoin.co.id,6361944
load0945,aditya.ramadhana+load0945@bitcoin.co.id,6361945
load0946,aditya.ramadhana+load0946@bitcoin.co.id,6361946
load0947,aditya.ramadhana+load0947@bitcoin.co.id,6361947
load0948,aditya.ramadhana+load0948@bitcoin.co.id,6361948
load0949,aditya.ramadhana+load0949@bitcoin.co.id,6361949
load0950,aditya.ramadhana+load0950@bitcoin.co.id,6361950
load0951,aditya.ramadhana+load0951@bitcoin.co.id,6361951
load0952,aditya.ramadhana+load0952@bitcoin.co.id,6361952
load0953,aditya.ramadhana+load0953@bitcoin.co.id,6361953
load0954,aditya.ramadhana+load0954@bitcoin.co.id,6361954
load0955,aditya.ramadhana+load0955@bitcoin.co.id,6361955
load0956,aditya.ramadhana+load0956@bitcoin.co.id,6361956
load0957,aditya.ramadhana+load0957@bitcoin.co.id,6361957
load0958,aditya.ramadhana+load0958@bitcoin.co.id,6361958
load0959,aditya.ramadhana+load0959@bitcoin.co.id,6361959
load0960,aditya.ramadhana+load0960@bitcoin.co.id,6361960
load0961,aditya.ramadhana+load0961@bitcoin.co.id,6361961
load0962,aditya.ramadhana+load0962@bitcoin.co.id,6361962
load0963,aditya.ramadhana+load0963@bitcoin.co.id,6361963
load0964,aditya.ramadhana+load0964@bitcoin.co.id,6361964
load0965,aditya.ramadhana+load0965@bitcoin.co.id,6361965
load0966,aditya.ramadhana+load0966@bitcoin.co.id,6361966
load0967,aditya.ramadhana+load0967@bitcoin.co.id,6361967
load0968,aditya.ramadhana+load0968@bitcoin.co.id,6361968
load0969,aditya.ramadhana+load0969@bitcoin.co.id,6361969
load0970,aditya.ramadhana+load0970@bitcoin.co.id,6361970
load0971,aditya.ramadhana+load0971@bitcoin.co.id,6361971
load0972,aditya.ramadhana+load0972@bitcoin.co.id,6361972
load0973,aditya.ramadhana+load0973@bitcoin.co.id,6361973
load0974,aditya.ramadhana+load0974@bitcoin.co.id,6361974
load0975,aditya.ramadhana+load0975@bitcoin.co.id,6361975
load0976,aditya.ramadhana+load0976@bitcoin.co.id,6361976
load0977,aditya.ramadhana+load0977@bitcoin.co.id,6361977
load0978,aditya.ramadhana+load0978@bitcoin.co.id,6361978
load0979,aditya.ramadhana+load0979@bitcoin.co.id,6361979
load0980,aditya.ramadhana+load0980@bitcoin.co.id,6361980
load0981,aditya.ramadhana+load0981@bitcoin.co.id,6361981
load0982,aditya.ramadhana+load0982@bitcoin.co.id,6361982
load0983,aditya.ramadhana+load0983@bitcoin.co.id,6361983
load0984,aditya.ramadhana+load0984@bitcoin.co.id,6361984
load0985,aditya.ramadhana+load0985@bitcoin.co.id,6361985
load0986,aditya.ramadhana+load0986@bitcoin.co.id,6361986
load0987,aditya.ramadhana+load0987@bitcoin.co.id,6361987
load0988,aditya.ramadhana+load0988@bitcoin.co.id,6361988
load0989,aditya.ramadhana+load0989@bitcoin.co.id,6361989
load0990,aditya.ramadhana+load0990@bitcoin.co.id,6361990
load0991,aditya.ramadhana+load0991@bitcoin.co.id,6361991
load0992,aditya.ramadhana+load0992@bitcoin.co.id,6361992
load0993,aditya.ramadhana+load0993@bitcoin.co.id,6361993
load0994,aditya.ramadhana+load0994@bitcoin.co.id,6361994
load0995,aditya.ramadhana+load0995@bitcoin.co.id,6361995
load0996,aditya.ramadhana+load0996@bitcoin.co.id,6361996
load0997,aditya.ramadhana+load0997@bitcoin.co.id,6361997
load0998,aditya.ramadhana+load0998@bitcoin.co.id,6361998
load0999,aditya.ramadhana+load0999@bitcoin.co.id,6361999
load1000,aditya.ramadhana+load1000@bitcoin.co.id,6362000
